query,result,fdc_id,description,brand,data_source,source,serving_size_g,serving_source,calories,protein,carbs,fat,kcal_per_100g,calorie_macro_mismatch,top1_top2_identical_scores,buckets,category,stored_calories_per_100g,stored_protein_per_100g,stored_carbs_per_100g,stored_fat_per_100g,mismatch_rel,mismatch_kcal,name_words_matched,name_words_missing,name_words_matched_incl_brand,vector_score,lexical_score,top2_fdc_id,top2_vector_score,top2_lexical_score,tied_cluster_size_precollapse,tied_cluster_fdc_ids,tied_cluster_kcal_per_100g
cheerios,ok,2738631,Cheerios Cereal,Cheerios,GDSN,branded_foods,28.0,branded_serving_size,99.96,4.0,21.0,2.0,357.0,true,False,A,,357.0,14.29,75.0,7.14,0.1804,18.04,1/1,,1/1,0.8259809,0.64,1145572,0.82594186,-0.76,1,,
honey nut cheerios,ok,1456572,Honey Nut Cheerios Cereal,Cheerios,GDSN,branded_foods,51.0,branded_serving_size,192.78,4.08,41.31,2.55,378.0,false,False,E,,378.0,8.0,81.0,5.0,0.0608,11.73,3/3,,3/3,0.86953986,0.6,760176,0.9344248,-0.422,4,1456572 2682386 2687807 2701487,378.0 381.0
frosted flakes,ok,1804179,FROSTED FLAKES,WEGMANS,LI,branded_foods,31.0,branded_serving_size,119.97,1.0,28.0,0.0,387.0,false,False,,,387.0,3.23,90.32,0.0,0.0331,3.97,2/2,,2/2,0.85309,0.644,1173602,0.85309,0.294,1,,
cinnamon toast crunch,ok,1456851,Cinnamon Toast Crunch Cereal,Toast Crunch,GDSN,branded_foods,164.0,branded_serving_size,672.4,8.2,131.2,16.4,410.0,false,False,,,410.0,5.0,80.0,10.0,0.0488,32.8,3/3,,3/3,0.8833876,0.588,1145762,0.8833776,-0.812,1,,
lucky charms,ok,2540012,Lucky Charms Cereal,Lucky Charms,GDSN,branded_foods,48.0,branded_serving_size,187.2,3.84,39.84,1.92,390.0,false,False,E,,390.0,8.0,83.0,4.0,0.0256,4.8,2/2,,2/2,0.82674026,0.624,1145673,0.82671225,-0.776,4,2540012 2613146 2704825 2724712,379.7 380.0 390.0
raisin bran,ok,1215466,RAISIN BRAN,MEIJER,LI,branded_foods,59.0,branded_serving_size,200.01,5.0,47.0,1.0,339.0,false,False,E,,339.0,8.47,79.66,1.69,0.0847,16.95,2/2,,2/2,0.8528062,0.656,406717,0.8527865,0.306,2,1215466 1347887,311.0 339.0
grape nuts,ok,171647,"Cereals ready-to-eat, POST, GRAPE-NUTS Cereal",,,sr_legacy,58.0,sr_legacy_default_portion,209.38,6.51,46.68,1.05,361.0,false,False,,,361.0,11.22,80.49,1.81,0.0613,12.84,2/2,,2/2,0.69865334,-0.93,171648,0.6827827,-0.93,1,,
special k cereal,ok,2518855,Kellogg's Special K Cereal 12oz,Kellogg's,GDSN,branded_foods,39.0,branded_serving_size,148.2,7.18,28.7,0.74,380.0,false,False,,,380.0,18.4,73.6,1.9,0.0134,1.99,3/3,,3/3,0.6902945,-0.174,751924,0.6902945,-0.874,1,,
quaker oatmeal,ok,1832902,OATMEAL,QUAKER,LI,branded_foods,45.0,branded_serving_size,710.1,0.0,30.0,3.0,1578.0,unknown,False,DF,,1578.0,,66.67,6.67,,,1/2,quaker,2/2,0.70137036,1.022,1539808,0.7013746,0.172,1,,
froot loops,ok,2615426,FROOT LOOPS WAFFLES,EGGO,LI,branded_foods,70.0,branded_serving_size,189.7,4.0,30.0,6.0,271.0,false,False,,,271.0,5.71,42.86,8.57,0.0015,0.29,2/2,,2/2,0.77993524,0.274,2207647,0.7156595,-0.164,1,,
cocoa puffs,ok,1462781,Cocoa Puffs Cereal,Cocoa Puffs,GDSN,branded_foods,159.0,branded_serving_size,616.92,9.54,136.74,7.95,388.0,false,False,E,,388.0,6.0,86.0,5.0,0.0644,39.75,2/2,,2/2,0.8538904,0.628,1146818,0.8538904,-0.772,18,1462781 1462817 1462821 2517088 2517089 2517091 2702513 2704820 2704821 2704953 2716598 2717430 2720693 2720814 2720882 2724726 2725533 2739265,384.7 385.0 386.9 388.0 389.0
life cereal,ok,1507342,CEREAL,VAN'S,LI,branded_foods,32.0,branded_serving_size,110.08,2.0,25.0,1.0,344.0,false,False,,,344.0,6.25,78.12,3.12,0.0627,6.9,1/2,life,1/2,0.70860887,0.176,370659,0.70860887,-0.174,1,,
chobani greek yogurt,ok,171309,"Yogurt, Greek, whole, plain, CHOBANI",,,sr_legacy,100,no_serving_data_fallback,82.0,8.24,3.24,4.01,82.0,false,False,,dairy,82.0,8.24,3.24,4.01,0.0001,0.01,3/3,,3/3,0.77383196,1.256,170914,0.77058727,0.918,1,,
dannon light and fit yogurt,ok,2756921,Dannon Light + Fit Greek Nonfat Yogurt,Dannon,Euromonitor,branded_foods,150.24969482421875,branded_serving_size,80.0,12.0,8.0,8.0,53.24470049246636,true,False,A,dairy,53.24470049246636,7.986705073869954,5.324470049246636,5.324470049246636,0.9,72.0,4/4,,4/4,0.8467746,-0.002,1189129,0.7452017,-0.014,1,,
fage total 0 percent yogurt,ok,2756936,Fage Total 5% Greek Strained Yogurt,Fage,Euromonitor,branded_foods,200.0,branded_serving_size,140.0,18.0,6.0,10.0,70.0,true,False,A,dairy,70.0,9.0,3.0,5.0,0.3286,46.0,3/5,0 percent,3/5,0.7837385,-0.19,2118772,0.7287355,-0.314,1,,
yoplait original strawberry yogurt,ok,354276,Yoplait Original Strawberry Low Fat Yogurt,,GDSN,branded_foods,170.0,branded_serving_size,149.6,6.0,25.01,2.01,88.0,false,False,,dairy,88.0,3.53,14.71,1.18,0.0502,7.51,4/4,,4/4,0.8739434,0.532,2184835,0.8546711,-0.204,1,,
siggis yogurt,ok,2756890,Siggi's 0% Milkfat Strained Non- Fat Plain Yogurt,Siggi's,Euromonitor,branded_foods,227.0,branded_serving_size,150.0,28.0,10.0,0.5,66.07929515418502,false,False,,dairy,66.07929515418502,12.334801762114537,4.405286343612334,0.22026431718061673,0.0433,6.5,2/2,,2/2,0.69646263,-0.546,1185472,0.6733967,-0.614,1,,
oikos triple zero yogurt,ok,2756842,Oikos Triple Zero Peach Nonfat Greek Yogurt,Oikos,Euromonitor,branded_foods,150.24969482421875,branded_serving_size,90.0,15.0,10.0,0.0,59.90028805402466,false,False,,dairy,59.90028805402466,9.983381342337442,6.655587561558295,0.0,0.1111,10.0,4/4,,4/4,0.8292074,-0.172,2756122,0.8496107,-0.18,1,,
great value greek yogurt,ok,1586131,"GREAT VALUE, GREEK NONFAT YOGURT, PEACH",GREAT VALUE,LI,branded_foods,150.0,branded_serving_size,130.5,12.0,20.0,0.0,87.0,false,False,E,dairy,87.0,8.0,13.33,0.0,0.0193,2.52,4/4,,4/4,0.7162401,0.194,543716,0.700837,0.152,2,1586131 2083367,87.0
activia yogurt,ok,2757193,Activia Peach Probiotic Yogurt,Activia,Euromonitor,branded_foods,113.0,branded_serving_size,90.0,4.0,15.0,1.5,79.64601769911505,false,False,,dairy,79.64601769911505,3.5398230088495577,13.274336283185841,1.3274336283185841,0.0056,0.5,2/2,,2/2,0.77016646,0.23,1262805,0.7625258,-0.108,1,,
two good yogurt,ok,2757385,"Two Good Yogurt, Strawberry",Two Good,Euromonitor,branded_foods,240.0,branded_serving_size,80.0,12.0,3.0,2.0,33.333333333333336,false,False,,dairy,33.333333333333336,5.0,1.25,0.8333333333333334,0.025,2.0,3/3,,3/3,0.7652542,0.592,2755601,0.8050346,0.214,1,,
icelandic skyr yogurt,ok,1185472,ICELANDIC YOGURT,VIKING,LI,branded_foods,170.0,branded_serving_size,139.4,17.0,16.0,0.0,82.0,false,False,E,dairy,82.0,10.0,9.41,0.0,0.0532,7.41,2/3,skyr,2/3,0.8170206,0.302667,2756794,0.83823013,0.19,2,1185472 1477508,82.0
clif bar,ok,173477,Clif Z bar,,,sr_legacy,36.0,sr_legacy_default_portion,149.76,2.0,26.9,3.5,416.0,false,False,,,416.0,5.55,74.72,9.72,0.0179,2.68,2/2,,2/2,0.81188333,1.01,2708118,0.7413041,0.554,1,,
kind bar,ok,492735,"KIND, FRUIT & NUT BAR",KIND Inc.,LI,branded_foods,40.0,branded_serving_size,190.0,3.0,23.0,11.0,475.0,false,False,,,475.0,7.5,57.5,27.5,0.0684,13.0,2/2,,2/2,0.6814498,-0.084,565573,0.69781566,-0.598,1,,
rxbar,ok,2493175,"RXBAR PROTEIN BAR, 1.83 OZ, 10 COUNT",RXBAR,LI,branded_foods,52.0,branded_serving_size,210.08,12.0,24.0,9.0,404.0,false,False,,,404.0,23.08,46.15,17.31,0.0711,14.93,1/1,,1/1,0.6727115,-0.144,555255,0.60932124,-1.122,1,,
quest protein bar,ok,1561257,PROTEIN BAR,PROBAR,LI,branded_foods,70.0,branded_serving_size,289.8,20.0,33.0,9.0,414.0,false,True,E,,414.0,28.57,47.14,12.86,0.0111,3.21,2/3,quest,2/3,0.69271004,0.672667,2432443,0.69271004,0.672667,2,1561257 2432443,394.0 414.0
nature valley granola bar,ok,2684121,Nature Valley Crunchy Maple Granola Bar,Nature Valley,GDSN,branded_foods,42.0,branded_serving_size,191.1,3.26,29.43,7.27,455.0,false,False,,,455.0,7.77,70.07,17.3,0.0265,5.07,4/4,,4/4,0.8365797,0.194,,,,1,,
fiber one bar,ok,1323627,FIBER BARS,HANNAFORD,LI,branded_foods,25.0,branded_serving_size,90.0,1.0,18.0,3.0,360.0,false,False,,,360.0,4.0,72.0,12.0,0.1444,13.0,2/3,one,2/3,0.7041345,0.326667,1323806,0.7038002,-0.023333,1,,
lara bar,ok,1309565,"LARABAR, LEMON BAR",LARABAR,LI,branded_foods,51.0,branded_serving_size,219.81,5.0,26.0,11.0,431.0,false,False,E,,431.0,9.8,50.98,21.57,0.0145,3.19,1/2,lara,1/2,0.66717297,-0.272,349677,0.70009184,-1.03,3,1309565 1601679 2092113,431.0
built bar,ok,1282741,FOOD BARS,2 DEGREES,LI,branded_foods,44.0,branded_serving_size,169.84,4.0,29.0,7.0,386.0,false,False,E,,386.0,9.09,65.91,15.91,0.1482,25.16,1/2,built,1/2,0.6441777,-0.586,1560433,0.601413,-0.928,4,1282741 1282743 1574842 1574844,386.0 432.0
perfect bar,ok,1282741,FOOD BARS,2 DEGREES,LI,branded_foods,44.0,branded_serving_size,169.84,4.0,29.0,7.0,386.0,false,False,E,,386.0,9.09,65.91,15.91,0.1482,25.16,1/2,perfect,1/2,0.68644845,-0.586,411159,0.67891663,-0.598,4,1282741 1282743 1574842 1574844,386.0 432.0
zone perfect bar,ok,2708126,Nutrition bar (Zone Perfect Classic Crunch),,,fndds,50.0,sr_legacy_default_portion,213.0,15.0,22.5,7.0,426.0,false,False,,,426.0,30.0,45.0,14.0,0.0,0.0,3/3,,3/3,0.69629866,-0.222,414859,0.7079088,-0.868,1,,
lean cuisine,ok,2702248,LEAN CUISINE Frozen Meal Glazed Chicken 9.5oz,LEAN CUISINE,GDSN,branded_foods,269.0,branded_serving_size,260.93,18.0,35.99,5.0,97.0,false,False,,,97.0,6.69,13.38,1.86,0.0002,0.05,2/2,,2/2,0.6415357,-0.53,2688099,0.6468376,-0.952,1,,
healthy choice cafe steamers,ok,1757765,HEALTHY CHOICE Cafe Steamers Chicken Linguini Alfredo,Healthy Choice,GDSN,branded_foods,277.0,branded_serving_size,249.3,21.0,27.01,6.01,90.0,false,False,E,,90.0,7.58,9.75,2.17,0.0128,3.19,4/4,,4/4,0.7182128,-0.212,2722379,0.7124914,-1.222,5,1757765 2219812 2226257 2229725 2233860,90.0
stouffers lasagna,ok,2688285,Stouffer's Vegetable Lasagna Frozen Meal,STOUFFER'S,GDSN,branded_foods,297.0,branded_serving_size,400.95,16.99,40.99,19.99,135.0,false,False,E,,135.0,5.72,13.8,6.73,0.027,10.84,2/2,,2/2,0.7507746,0.19,2631463,0.7220046,0.162,3,2688285 2692449 2702284,135.0
totinos pizza rolls,ok,1344111,TOTINO'S SAUSAGE PIZZA ROLLS,TOTINO'S,LI,branded_foods,85.0,branded_serving_size,209.95,6.0,28.0,8.0,247.0,false,False,E,,247.0,7.06,32.94,9.41,0.0094,1.96,3/3,,3/3,0.78749835,0.588,1164980,0.7339022,0.21,2,1344111 1636266,247.0
eggo waffles,ok,2615387,EGGOJI HOMESTYLE WAFFLES,EGGO,LI,branded_foods,70.0,branded_serving_size,179.9,4.0,27.0,6.0,257.0,false,False,,,257.0,5.71,38.57,8.57,0.0107,1.92,1/2,eggo,2/2,0.7657414,0.204,1996151,0.6753136,0.16,1,,
trader joes orange chicken,ok,1191471,ORANGE CHICKEN,WEIS,LI,branded_foods,283.0,branded_serving_size,379.22,8.01,77.0,4.5,134.0,false,True,E,,134.0,2.83,27.21,1.59,0.0035,1.33,2/4,trader joes,2/4,0.6397534,0.144,1265333,0.6397534,0.144,8,1191471 1265333 1363350 1483511 1557412 1557708 2020723 2121124,134.0 141.0 186.0 219.0
amy's burrito,ok,2061308,"AMY'S, SWIRLS CHEDDAR JALAPENO",AMY'S,LI,branded_foods,69.0,branded_serving_size,220.11,7.0,25.0,9.0,319.0,false,False,,,319.0,10.14,36.23,13.04,0.0507,11.15,1/2,burrito,1/2,0.6301118,-0.453333,1257643,0.62422943,-0.453333,1,,
hot pockets,ok,2708740,"Turnover or hot pocket, chicken",,,fndds,35.0,sr_legacy_default_portion,75.25,3.75,8.57,2.87,215.0,false,False,,,215.0,10.71,24.49,8.21,0.0014,0.11,2/2,,2/2,0.6290794,0.176,2708739,0.6669417,0.156,1,,
digiorno pizza,ok,502078,"DIGIORNO, PIZZA, THREE MEAT",Nestle USA Inc.,LI,branded_foods,130.0,branded_serving_size,360.1,16.0,33.99,18.0,277.0,false,False,,,277.0,12.31,26.15,13.85,0.0054,1.94,2/2,,2/2,0.66677845,-0.458,2688310,0.66707057,-0.904,1,,
birds eye steamfresh,ok,1477391,"BIRDS EYE, STEAMFRESH, FRESH FROZEN VEGETABLES",BIRDS EYE,LI,branded_foods,88.0,branded_serving_size,59.84,2.0,11.0,0.5,68.0,false,False,E,produce,68.0,2.27,12.5,0.57,0.0557,3.34,3/3,,3/3,0.7379992,0.516,2722492,0.74781597,0.226,2,1477391 2017115,68.0
coca cola,ok,2678649,"COCA-COLA, COLA",COCA-COLA,LI,branded_foods,355.0,branded_serving_size,138.45,0.0,39.01,0.0,39.0,false,False,,beverage,39.0,0.0,10.99,0.0,0.1272,17.61,2/2,,2/2,0.7688091,0.99,1648008,0.6715536,-0.186,1,,
diet coke,ok,1335717,DIET COLA,DIET COKE,LI,branded_foods,240.0,branded_serving_size,0.0,0.0,0.0,0.0,0.0,unknown,False,E,beverage,0.0,0.0,0.0,0.0,,,1/2,coke,2/2,0.72817016,0.714,540328,0.73325336,0.69,2,1335717 1369886,-1
pepsi,ok,2657904,"PEPSI SODA, 500 ML",PEPSI,LI,branded_foods,500.0,branded_serving_size,210.0,0.0,58.0,0.0,42.0,false,False,,beverage,42.0,0.0,11.6,0.0,0.1048,22.0,1/1,,1/1,0.60784316,0.278,2653655,0.6276841,-0.08,1,,
sprite,ok,1627832,"SPRITE, LEMON-LIME SODA",SPRITE,LI,branded_foods,240.0,branded_serving_size,100.8,0.0,25.99,0.0,42.0,false,False,,beverage,42.0,0.0,10.83,0.0,0.0314,3.17,1/1,,1/1,0.49338752,-0.092,540653,0.49344647,-1.142,1,,
mountain dew,ok,1627784,"MOUNTAIN DEW, SODA",MOUNTAIN DEW,LI,branded_foods,355.0,branded_serving_size,170.4,0.0,46.01,0.0,48.0,false,False,,beverage,48.0,0.0,12.96,0.0,0.08,13.63,2/2,,2/2,0.7556633,0.628,,,,1,,
dr pepper,ok,1305107,"DR PEPPER, SODA",DR PEPPER,LI,branded_foods,221.0,branded_serving_size,90.61,0.0,25.0,0.0,41.0,false,False,E,beverage,41.0,0.0,11.31,0.0,0.1034,9.37,2/2,,2/2,0.71018213,0.64,545003,0.84737504,-0.036,7,1305107 1337423 1597216 1629574 1790516 2109251 2109302,41.0 42.0
la croix sparkling water,ok,1294842,SPARKLING WATER ,LA CROIX,LI,branded_foods,355.0,branded_serving_size,0.0,0.0,0.0,0.0,0.0,unknown,False,E,beverage,0.0,0.0,0.0,0.0,,,2/4,la croix,4/4,0.6855701,0.986,433104,0.68036497,0.14,2,1294842 1586950,-1
gatorade,ok,1168345,GATORADE  ORANGE   24Z,Gatorade,GDSN,branded_foods,360.0,branded_serving_size,79.2,0.0,20.99,0.0,22.0,false,False,E,beverage,22.0,0.0,5.83,0.0,0.06,4.75,1/1,,1/1,0.6778795,0.262,2710769,0.7352101,0.2,2,1168345 1460347,22.0
red bull,ok,2710752,Energy drink (Red Bull),,,fndds,31.0,sr_legacy_default_portion,13.33,0.14,3.17,0.0,43.0,false,False,,beverage,43.0,0.46,10.23,0.0,0.0056,0.07,2/2,,2/2,0.68633187,0.208,173210,0.66859245,-0.182,1,,
starbucks frappuccino bottle,ok,1168385,Starbucks Frappuccino Coffee Mocha 9.5 Fl Oz Glass Bottle,Starbucks,GDSN,branded_foods,285.0,branded_serving_size,179.55,6.01,33.0,2.99,63.0,false,False,,beverage,63.0,2.11,11.58,1.05,0.0192,3.45,3/3,,3/3,0.7933051,-0.928,768092,0.7933051,-1.278,1,,
daves killer bread,ok,1181768,"DAVE'S KILLER BREAD, ORGANIC SPELT BREAD",DAVE'S KILLER BREAD,LI,branded_foods,47.0,branded_serving_size,130.19,4.0,24.0,2.0,277.0,false,False,E,,277.0,8.51,51.06,4.26,0.0014,0.18,3/3,,3/3,0.7131617,0.19,1181769,0.7361766,0.17,3,1181768 2014898 2490633,277.0
thomas english muffins,ok,2081591,ENGLISH MUFFINS,FRANZ,LI,branded_foods,61.0,branded_serving_size,129.93,4.0,25.0,0.5,213.0,false,True,E,,213.0,6.56,40.98,0.82,0.0726,9.43,2/3,thomas,2/3,0.7607602,0.306667,2083594,0.7607602,0.306667,3,2081591 2083594 2083595,158.0 213.0 228.0
wonder bread,ok,406269,"WONDER, ENRICHED BREAD",WONDER,LI,branded_foods,49.0,branded_serving_size,129.85,4.0,26.0,1.5,265.0,false,False,,,265.0,8.16,53.06,3.06,0.028,3.64,2/2,,2/2,0.7057133,0.612,1283749,0.67816204,-0.136,1,,
ezekiel bread,ok,1259648,"THE REAL BREAD COMPANY, EZEKIEL BREAD",THE REAL BREAD COMPANY,LI,branded_foods,45.0,branded_serving_size,139.95,5.0,22.0,3.5,311.0,false,False,E,,311.0,11.11,48.89,7.78,0.0032,0.44,2/2,,2/2,0.7091049,-0.198,1319196,0.6758244,-0.464,4,1259648 1551716 1778146 454933,311.0
everything bagel,ok,2071109,EVERYTHING BAGELS,THE BAKERY,LI,branded_foods,85.0,branded_serving_size,239.7,8.0,46.0,2.0,282.0,false,False,,,282.0,9.41,54.12,2.35,0.0239,5.72,2/2,,2/2,0.7657323,0.632,780016,0.8097335,0.286,1,,
mission flour tortillas,ok,2185788,"MISSION, FLOUR TORTILLAS",MISSION,LI,branded_foods,49.0,branded_serving_size,140.14,4.0,24.0,3.5,286.0,false,False,,,286.0,8.16,48.98,7.14,0.0238,3.34,3/3,,3/3,0.7832471,0.954,2395953,0.70922405,0.306667,1,,
sara lee honey wheat bread,ok,1625108,"SARA LEE, 100% WHOLE WHEAT BREAD",SARA LEE,LI,branded_foods,50.0,branded_serving_size,120.0,6.0,23.0,1.5,240.0,false,False,,,240.0,12.0,46.0,3.0,0.0792,9.5,4/5,honey,4/5,0.79896855,0.722,2105808,0.68437326,0.558,1,,
orowheat bread,ok,1319129,OZARK NATURAL BREADS,OZARK NATURAL BREADS,LI,branded_foods,41.0,branded_serving_size,90.2,6.0,12.0,3.0,220.0,false,False,E,,220.0,14.63,29.27,7.32,0.0976,8.81,1/2,orowheat,1/2,0.582615,-0.63,1542565,0.60017437,-0.698,2,1319129 1611253,220.0
heinz ketchup,ok,2709733,Ketchup,,,fndds,17.0,sr_legacy_default_portion,18.53,0.18,4.61,0.05,109.0,false,False,,,109.0,1.08,27.1,0.32,0.0606,1.12,1/2,heinz,1/2,0.6844255,0.872,1624854,0.76747537,0.616,1,,
hellmanns mayonnaise,ok,2757104,Hellmann's Mayonnaise Original Organic,Best Foods/Hellmann's,Euromonitor,branded_foods,15.0,branded_serving_size,100.0,0.0,0.0,11.0,666.6666666666667,unknown,False,D,,666.6666666666667,0.0,,73.33333333333334,,,2/2,,2/2,0.73596066,-0.502,384207,0.79041743,-0.808,1,,
frenchs mustard,ok,1215146,"FRENCH'S, DIJON MUSTARD",FRENCH'S,LI,branded_foods,5.0,branded_serving_size,5.0,0.0,0.0,0.0,100.0,true,False,AE,,100.0,0.0,0.0,0.0,1.0,5.0,2/2,,2/2,0.7893412,0.608,1205613,0.7549454,0.608,2,1215146 2036091,100.0
hidden valley ranch,ok,2710212,Ranch dressing,,,fndds,15.0,sr_legacy_default_portion,64.5,0.2,0.89,6.68,430.0,false,False,C,,430.0,1.32,5.9,44.54,0.0006,0.04,1/3,hidden valley,1/3,0.68363124,0.327333,2085943,0.72551036,-0.172,1,,
sriracha,ok,2104320,SRIRACHA,KAUKAUNA,LI,branded_foods,28.0,branded_serving_size,89.88,4.0,5.0,6.0,321.0,false,False,,,321.0,14.29,17.86,21.43,0.0015,0.13,1/1,,1/1,0.82982004,0.668,1191142,0.82982004,0.318,1,,
jif peanut butter,ok,1332609,"JIF TO GO, CREAMY PEANUT BUTTER",JIF TO GO,LI,branded_foods,43.0,branded_serving_size,249.83,9.0,11.0,22.0,581.0,false,False,,,581.0,20.93,25.58,51.16,0.1127,28.16,3/3,,3/3,0.6850609,0.226,382865,0.6239344,-0.389333,1,,
nutella,ok,2710289,Chocolate hazelnut spread,,,fndds,20.0,sr_legacy_default_portion,107.8,1.08,12.47,5.95,539.0,false,False,C,,539.0,5.41,62.36,29.73,0.0006,0.07,0/1,nutella,0/1,0.7428714,-1.15,384990,0.7112721,-1.276,1,,
skippy peanut butter,ok,1759570,"SKIPPY, PEANUT BUTTER",SKIPPY,LI,branded_foods,32.0,branded_serving_size,190.08,7.0,6.0,16.0,594.0,false,False,,,594.0,21.88,18.75,50.0,0.0312,5.93,3/3,,3/3,0.81361914,0.966,1869918,0.74050623,0.556,1,,
smuckers strawberry jelly,ok,1173799,STRAWBERRY JELLY,TROPICAL,LI,branded_foods,20.0,branded_serving_size,60.0,0.0,14.0,0.0,300.0,false,True,E,,300.0,0.0,70.0,0.0,0.0667,4.0,2/3,smuckers,2/3,0.70523673,0.302667,1215122,0.70523673,0.302667,5,1173799 1215122 1465822 2009758 595043,250.0 300.0
lays classic potato chips,ok,2527731,CLASSIC POTATO CHIPS,LAY'S,LI,branded_foods,28.0,serving_size_g_x1000_fix,159.88,2.0,15.0,10.0,571.0,false,False,BE,,571.0,7.14,53.57,35.71,0.0119,1.9,3/4,lays,4/4,0.7687303,0.97,1353243,0.7687722,0.37,2,2527731 2562677,571.0
doritos nacho cheese,ok,1337823,"DORITOS, TORTILLA CHIPS, NACHO CHEESE, NACHO CHEESE",DORITOS,LI,branded_foods,28.0,branded_serving_size,140.0,2.0,16.0,8.0,500.0,false,False,E,,500.0,7.14,57.14,28.57,0.0285,3.99,3/3,,3/3,0.7627193,0.146,2708206,0.7763928,-0.23,2,1337823 1629973,500.0
cheetos crunchy,ok,1358767,CRUNCHY CHEESE CURLS,IGA,LI,branded_foods,28.0,branded_serving_size,140.0,2.0,15.0,8.0,500.0,false,False,E,,500.0,7.14,53.57,28.57,0.0001,0.01,1/2,cheetos,1/2,0.71619034,-0.58,538373,0.71615064,-0.58,2,1358767 1650957,500.0
ruffles cheddar sour cream,ok,1633696,"RUFFLES, POTATO CHIPS, CHEDDAR & SOUR CREAM, CHEDDAR & SOUR CREAM",RUFFLES,LI,branded_foods,28.0,branded_serving_size,159.88,2.0,15.0,10.0,571.0,false,False,,,571.0,7.14,53.57,35.71,0.0119,1.9,4/4,,4/4,0.75842357,0.09,766972,0.73175716,-1.656,1,,
pringles original,ok,2736309,Pringles Crisps Original 1.3oz,Pringles,GDSN,branded_foods,37.0,branded_serving_size,196.47,1.59,20.91,11.95,531.0,false,False,,,531.0,4.3,56.5,32.3,0.0055,1.07,2/2,,2/2,0.7405394,0.23,651562,0.79318446,-0.522,1,,
goldfish crackers,ok,2708152,"Crackers, cheese (Goldfish)",,,fndds,1.0,sr_legacy_default_portion,4.89,0.11,0.59,0.23,489.0,false,False,,,489.0,10.93,59.42,22.74,0.006,0.03,2/2,,2/2,0.72121495,0.942,2191202,0.7255738,-0.116,1,,
cheez it,ok,2708151,"Crackers, cheese (Cheez-It)",,,fndds,1.0,sr_legacy_default_portion,4.89,0.11,0.59,0.23,489.0,false,False,,,489.0,10.93,59.42,22.74,0.006,0.03,2/2,,2/2,0.6512222,0.192,504617,0.733974,-0.446,1,,
triscuit,ok,2556686,TRISCUIT CRACKERS ORIGINAL,TRISCUIT,GDSN,branded_foods,28.0,branded_serving_size,120.12,3.0,20.0,3.5,429.0,false,False,,,429.0,10.71,71.43,12.5,0.0281,3.38,1/1,,1/1,0.7155895,0.246,2381125,0.68335307,-0.124,1,,
wheat thins,ok,1796943,THIN WHEATS CRACKERS,ROUNDY'S,LI,branded_foods,31.0,branded_serving_size,140.12,2.0,22.0,5.0,452.0,false,False,E,,452.0,6.45,70.97,16.13,0.0063,0.88,2/2,,2/2,0.73721504,0.27,1568326,0.7793436,0.14,3,1796943 1923301 532148,448.0 452.0
ritz crackers,ok,2655832,"RITZ, BIG CRACKERS",RITZ,LI,branded_foods,16.0,branded_serving_size,80.0,1.0,10.0,3.5,500.0,false,False,,,500.0,6.25,62.5,21.88,0.0562,4.49,2/2,,2/2,0.70389414,0.628,1455293,0.72931546,0.168,1,,
kraft mac and cheese,ok,1300582,"KRAFT, MACARONI & CHEESE DINNER",KRAFT,LI,branded_foods,55.0,branded_serving_size,210.1,6.0,39.0,3.0,382.0,false,False,E,,382.0,10.91,70.91,5.45,0.0148,3.12,2/3,mac,2/3,0.7863974,0.076,1278696,0.70697254,-0.266,2,1300582 1592690,382.0
campbells chicken noodle soup,ok,1332564,"CAMPBELL'S, CHICKEN NOODLE SOUP",CAMPBELL'S,LI,branded_foods,305.0,branded_serving_size,149.45,7.99,21.01,4.0,49.0,false,False,E,,49.0,2.62,6.89,1.31,0.0169,2.53,4/4,,4/4,0.82580066,0.926,171556,0.80405176,0.882,2,1332564 1624714,49.0
maruchan ramen,ok,1254610,RAMEN NOODLES,MARUCHAN,LI,branded_foods,64.0,branded_serving_size,300.16,6.0,37.0,14.0,469.0,false,False,E,,469.0,9.38,57.81,21.88,0.0071,2.12,1/2,maruchan,2/2,0.70472175,0.648,448927,0.70472175,0.298,2,1254610 1546677,469.0
ben and jerrys cherry garcia,ok,2532662,CHERRY GARCIA ICE CREAM,BEN & JERRY'S,LI,branded_foods,143.0,branded_serving_size,340.34,5.0,38.0,20.01,238.0,false,False,,dairy,238.0,3.5,26.57,13.99,0.0344,11.71,2/4,ben jerrys,4/4,0.8010061,0.058,2570724,0.7622325,0.026,1,,
haagen dazs vanilla ice cream,ok,2695612,Haagen-Dazs Vanilla Bean Cultured Crme,Haagen-Dazs,GDSN,branded_foods,113.0,branded_serving_size,193.23,3.85,19.67,10.99,171.0,false,False,,dairy,171.0,3.41,17.41,9.73,0.0009,0.17,3/5,ice cream,3/5,0.7895577,-0.552,2694588,0.7697805,-0.588,1,,
premier protein shake,ok,1262879,PROTEIN SHAKE,DANNON,LI,branded_foods,296.0,branded_serving_size,139.12,11.99,23.0,0.0,47.0,false,True,E,beverage,47.0,4.05,7.77,0.0,0.006,0.83,2/3,premier,2/3,0.67908394,0.314667,1341836,0.67908394,0.314667,7,1262879 1341836 1360826 1633992 1661926 1661927 594745,47.0 49.0 56.0 92.0 370.0
fairlife chocolate milk,ok,2757397,"Fairlife Milk, Ultra- Filtered",fairlife,Euromonitor,branded_foods,240.0,branded_serving_size,100.0,13.0,6.0,2.5,41.66666666666667,false,False,,"beverage,dairy",41.66666666666667,5.416666666666667,2.5,1.0416666666666667,0.015,1.5,2/3,chocolate,2/3,0.7409005,-0.103333,2757704,0.76918805,-0.123333,1,,
silk almond milk,ok,2757198,Silk Almond Milk Vanilla,Silk,Euromonitor,branded_foods,240.0,branded_serving_size,80.0,1.0,14.0,2.5,33.333333333333336,false,False,,beverage,33.333333333333336,0.4166666666666667,5.833333333333334,1.0416666666666667,0.0312,2.5,3/3,,3/3,0.88020015,0.604,2757288,0.8758051,0.6,1,,
oatly oat milk,ok,2705412,Oat milk,,,fndds,244.0,sr_legacy_default_portion,109.8,1.61,13.1,5.69,45.0,false,False,,beverage,45.0,0.66,5.37,2.33,0.002,0.22,2/3,oatly,2/3,0.8539293,1.034667,2677675,0.74588966,-0.044667,1,,
beyond burger,ok,2367272,BEYOND BURGER PLANT-BASED PATTIES,BEYOND MEAT,LI,branded_foods,113.0,branded_serving_size,230.52,20.0,6.99,14.0,204.0,false,False,,,204.0,17.7,6.19,12.39,0.015,3.47,2/2,,2/2,0.771148,-0.132,2479124,0.66947114,-0.97,1,,
impossible burger,ok,1687804,VEGAN BURGERS,QUORN,LI,branded_foods,60.0,branded_serving_size,100.2,10.0,9.0,4.0,167.0,false,False,E,,167.0,16.67,15.0,6.67,0.118,11.83,1/2,impossible,1/2,0.6435815,-0.602,2413381,0.6670154,-0.976,2,1687804 2138281,167.0
rotisserie chicken,ok,1279357,ROTISSERIE CHICKEN,SHAW'S,LI,branded_foods,85.0,branded_serving_size,170.0,18.0,0.0,11.0,200.0,false,True,E,,200.0,21.18,0.0,12.94,0.0059,1.0,2/2,,2/2,0.79864573,0.678,2074827,0.79864573,0.678,7,1279357 1571446 2074827 2091744 2378428 2424668 2620937,47.0 200.0 298.0
oscar mayer bologna,ok,1332796,"OSCAR MAYER, BOLOGNA",OSCAR MAYER,LI,branded_foods,28.0,branded_serving_size,80.08,3.0,1.0,7.0,286.0,false,False,E,,286.0,10.71,3.57,25.0,0.0136,1.09,3/3,,3/3,0.84953636,0.97,174589,0.78708524,0.942,6,1332796 1334666 1336143 1624946 1626817 1628294,89.0 286.0
hormel chili,ok,1509668,HORMEL CHILI WITH BEANS,HORMEL,LI,branded_foods,247.0,branded_serving_size,269.23,16.99,31.0,8.99,109.0,false,False,E,,109.0,6.88,12.55,3.64,0.0136,3.66,2/2,,2/2,0.79507935,0.608,1563866,0.7708218,0.604,4,1509668 1765223 1861844 2037642,105.0 109.0
progresso lentil soup,ok,2594080,Progresso Vegetable Classics Lentil Soup,Progresso,GDSN,branded_foods,241.0,branded_serving_size,171.11,8.99,28.0,2.0,71.0,false,False,,,71.0,3.73,11.62,0.83,0.03,5.13,3/3,,3/3,0.8422872,0.19,757358,0.86581624,-1.194,1,,
annie's mac and cheese,ok,2183819,Annie's Spirals With Butter & Parmesan Mac N Cheese,Annie's,GDSN,branded_foods,97.0,branded_serving_size,354.05,13.37,69.21,4.11,365.0,false,False,E,,365.0,13.78,71.35,4.24,0.0375,13.27,3/3,,3/3,0.75682425,-0.404,1456595,0.7693695,-0.866,8,2183819 2220717 2230663 2457614 2720617 2724664 2732684 2739121,364.9 365.0
nature's bakery fig bar,ok,2530096,BLUEBERRY FIG BAR,NATURE'S BAKERY,LI,branded_foods,28.0,serving_size_g_x1000_fix,99.96,1.0,19.0,2.5,357.0,false,False,BE,,357.0,3.57,67.86,8.93,0.0255,2.55,2/4,natures bakery,4/4,0.7212643,0.232,2530098,0.71495175,0.228,2,2530096 2530097,351.0 357.0
belvita breakfast biscuits,ok,504673,"NABISCO, BREAKFAST BELVITA, BREAKFAST BISCUITS, BLUEBERRY",Nabisco Biscuit Company,LI,branded_foods,50.0,branded_serving_size,230.0,4.0,36.0,8.0,460.0,false,False,,,460.0,8.0,72.0,16.0,0.0087,2.0,3/3,,3/3,0.7176249,-0.628,,,,1,,
pop tarts strawberry,ok,1757579,Kellogg's Pop-Tarts Strawberry 22oz,Kellogg's Pop-Tarts,GDSN,branded_foods,52.0,branded_serving_size,207.48,2.29,37.39,5.46,399.0,false,False,E,,399.0,4.4,71.9,10.5,0.0018,0.36,3/3,,3/3,0.76853925,-0.19,2539731,0.8495728,-0.202,5,1757579 2219604 2226050 2229518 2234320,399.0
nutri grain bar,ok,662556,"NUTRI GRAIN CEREAL BARS, BLUEBERRY",The Kellogg Company,LI,branded_foods,37.0,branded_serving_size,119.88,2.0,24.0,3.0,324.0,false,False,,,324.0,5.41,64.86,8.11,0.0928,11.13,3/3,,3/3,0.7258292,-0.486,2681482,0.742692,-0.572,1,,
rice krispies treats,ok,1641639,RICE CRISPY TREAT,SELMA'S,LI,branded_foods,35.0,branded_serving_size,140.0,1.0,26.0,3.5,400.0,false,False,,,400.0,2.86,74.29,10.0,0.0035,0.49,2/3,krispies,2/3,0.82342327,-0.051333,553384,0.82005906,-0.401333,1,,
oreo cookies,ok,1380283,OREO COOKIES,MARKETSIDE,LI,branded_foods,24.0,branded_serving_size,130.08,1.0,15.0,7.0,542.0,false,False,E,,542.0,4.17,62.5,29.17,0.0236,3.07,2/2,,2/2,0.8254463,0.652,590049,0.82545847,-0.398,2,1380283 1672510,542.0
chips ahoy,ok,1460906,CHIPS AHOY! COOKIES 1X3.75 OZ,CHIPS AHOY!,GDSN,branded_foods,33.0,branded_serving_size,160.05,1.0,22.0,8.0,485.0,false,False,,,485.0,3.03,66.67,24.24,0.0247,3.95,2/2,,2/2,0.6951269,-0.116,2683066,0.7063976,-0.144,1,,
nutter butter,ok,572607,NUTTER BUTTER CEREAL,POST,LI,branded_foods,33.0,branded_serving_size,150.15,2.0,25.0,4.5,455.0,false,False,,,455.0,6.06,75.76,13.64,0.0109,1.64,2/2,,2/2,0.69972783,0.27,2450116,0.66588783,-0.144,1,,
graham crackers,ok,2708133,Graham crackers,,,fndds,15.0,sr_legacy_default_portion,64.5,1.0,11.65,1.59,430.0,false,False,,,430.0,6.69,77.66,10.6,0.0065,0.42,2/2,,2/2,0.9120022,1.34,1274760,0.83137,0.64,1,,
saltine crackers,ok,439633,SALTINE CRACKERS,SHURFINE,LI,branded_foods,15.0,branded_serving_size,60.0,1.0,11.0,1.5,400.0,false,True,E,,400.0,6.67,73.33,10.0,0.025,1.5,2/2,,2/2,0.81241167,0.636,542998,0.81241167,0.636,2,439633 542998,400.0 429.0
club crackers,ok,1656276,CLUB CRACKERS,KEEBLER,LI,branded_foods,14.0,branded_serving_size,70.0,1.0,9.0,3.0,500.0,false,False,,,500.0,7.14,64.29,21.43,0.0428,3.0,2/2,,2/2,0.81936646,0.648,570167,0.81936646,0.298,1,,
tyson chicken nuggets,ok,2617888,"TYSON, CHICKEN NUGGETS",TYSON,LI,branded_foods,90.0,branded_serving_size,270.0,14.0,15.0,17.0,300.0,false,False,,,300.0,15.56,16.67,18.89,0.0036,0.96,3/3,,3/3,0.8169962,0.962,538620,0.8169725,0.262,1,,
banquet pot pie,ok,2518476,"BANQUET Beef Pot Pie, 7 OZ",Banquet,GDSN,branded_foods,198.0,branded_serving_size,409.86,8.0,35.01,26.0,207.0,false,False,,,207.0,4.04,17.68,13.13,0.0094,3.86,3/3,,3/3,0.7548067,0.246,2705186,0.73881906,-0.212,1,,
marie callender pot pie,ok,2692649,MARIE CALLENDER'S CHICKEN POT PIE 10 OZ,Marie Callender's,GDSN,branded_foods,283.0,branded_serving_size,611.28,17.01,54.99,36.0,216.0,false,False,E,,216.0,6.01,19.43,12.72,0.0011,0.68,4/4,,4/4,0.7979472,0.194,2689338,0.7984022,-0.956,3,2692649 2697222 2704630,216.0
smart ones,ok,776006,SMART CRACKERS,BITSY'S,LI,branded_foods,28.0,branded_serving_size,110.04,2.0,20.0,2.0,393.0,false,False,,,393.0,7.14,71.43,7.14,0.0368,4.05,1/2,ones,1/2,0.495985,-0.206,1249413,0.44589594,-0.552,1,,
weight watchers frozen meal,ok,167922,"Heinz, Weight Watcher, Chocolate Eclair, frozen",,,sr_legacy,59.0,sr_legacy_default_portion,142.19,2.6,23.78,4.07,241.0,false,False,,,241.0,4.4,40.3,6.9,0.0004,0.06,3/4,meal,3/4,0.58871293,-0.438,2688284,0.5775677,-0.644,1,,
chobani flip yogurt,ok,384843,FLIP GREEK YOGURT,"Chobani, Inc.",LI,branded_foods,150.0,branded_serving_size,190.5,12.0,23.0,6.0,127.0,false,False,,dairy,127.0,8.0,15.33,4.0,0.0183,3.48,2/3,chobani,3/3,0.73104036,0.282,170914,0.6914706,0.234667,1,,
too good yogurt,ok,1345146,YOGURT,CHOBANI,LI,branded_foods,150.0,branded_serving_size,150.0,13.0,21.0,2.0,100.0,false,False,CE,dairy,100.0,8.67,14.0,1.33,0.0265,3.98,1/3,too good,1/3,0.6641824,0.009333,546899,0.6641824,-0.340667,2,1345146 1637303,100.0
horizon organic milk,ok,2757779,Horizon Organic Whole Milk,Horizon Organic,Euromonitor,branded_foods,240.0,branded_serving_size,150.0,8.0,12.0,8.0,62.5,false,False,,"beverage,dairy",62.5,3.3333333333333335,5.0,3.3333333333333335,0.0133,2.0,3/3,,3/3,0.8815024,0.946,1706050,0.7760173,0.946,1,,
organic valley 2 percent milk,ok,2756804,Organic Valley Whole Milk,Organic Valley,Euromonitor,branded_foods,240.0,branded_serving_size,150.0,8.0,12.0,8.0,62.5,false,False,,"beverage,dairy",62.5,3.3333333333333335,5.0,3.3333333333333335,0.0133,2.0,3/5,2 percent,3/5,0.7189144,0.55,2038838,0.7029004,0.116,1,,
silk soy milk,ok,175218,"SILK Plain, soymilk",,,sr_legacy,243.0,sr_legacy_default_portion,99.63,7.0,7.99,4.01,41.0,false,False,C,beverage,41.0,2.88,3.29,1.65,0.0359,3.57,1/3,soy milk,1/3,0.8058575,0.657333,173775,0.78213406,0.315333,1,,
califia farms almond milk,ok,2757613,Califia Farms Unsweetened Almond Milk,Califia Farms,Euromonitor,branded_foods,240.0,branded_serving_size,35.0,1.0,1.0,3.0,14.583333333333334,false,False,E,beverage,14.583333333333334,0.4166666666666667,0.4166666666666667,1.25,0.0,0.0,4/4,,4/4,0.8731065,0.552,2757674,0.7622894,-0.188,2,2757613 2757722,14.6 15.4
tropicana orange juice,ok,2501658,"TROPICANA, ORANGE JUICE",TROPICANA,LI,branded_foods,240.0,serving_size_g_x1000_fix,110.4,1.99,25.99,0.0,46.0,false,False,B,beverage,46.0,0.83,10.83,0.0,0.0139,1.54,3/3,,3/3,0.80920434,0.958,541368,0.77869296,0.234,1,,
simply orange juice,ok,1300265,"SIMPLY ORANGE, 100% JUICE, ORANGE",SIMPLY ORANGE,LI,branded_foods,240.0,branded_serving_size,110.4,1.99,25.99,0.0,46.0,false,False,E,beverage,46.0,0.83,10.83,0.0,0.0139,1.54,3/3,,3/3,0.78833413,0.918,1911466,0.7867536,0.886,2,1300265 1592373,46.0
minute maid lemonade,ok,1307331,"MINUTE MAID, LEMONADE",MINUTE MAID,LI,branded_foods,177.0,branded_serving_size,79.65,0.0,22.0,0.0,45.0,false,False,E,beverage,45.0,0.0,12.43,0.0,0.1049,8.35,3/3,,3/3,0.7577144,0.966,508854,0.7577144,0.616,3,1307331 1599443 2090816,45.0
arizona iced tea,ok,1239302,"ARIZONA, ICED TEA, LEMON",ARIZONA,LI,branded_foods,240.0,branded_serving_size,91.2,0.0,25.01,0.0,38.0,false,False,E,beverage,38.0,0.0,10.42,0.0,0.0968,8.83,3/3,,3/3,0.736885,0.654,1225723,0.74433875,0.644667,7,1239302 1241169 1291554 1531362 1531364 1533232 1583661,33.0 38.0
pure leaf tea,ok,1511886,PURE LEAF TEAS,THE TWO OF TEA,LI,branded_foods,345.0,branded_serving_size,0.0,0.0,0.0,0.0,0.0,unknown,True,E,beverage,0.0,0.0,0.0,0.0,,,3/3,,3/3,0.86093545,0.644,411399,0.86093545,0.644,3,1511886 2038981 411399,-1
snapple peach tea,ok,1342893,"SNAPPLE, PEACH ICED TEA",SNAPPLE,LI,branded_foods,15.0,branded_serving_size,49.95,1.0,12.0,0.0,333.0,false,False,E,beverage,333.0,6.67,80.0,0.0,0.0411,2.05,3/3,,3/3,0.85425967,0.608,1309798,0.8184157,0.548,2,1342893 1635048,333.0
vitamin water,ok,2491233,VITAMIN ENHANCED WATER BEVERAGE,KROGER,LI,branded_foods,240.0,branded_serving_size,28.03,0.0,7.01,0.0,11.68,unknown,False,,beverage,0.0,0.0,2.92,0.0,,,2/2,,2/2,0.69911903,-0.124,1296855,0.66255105,-0.124,1,,
bodyarmor,ok,1292649,"BODYARMOR, GRAPE SUPERDRINK, GRAPE",BODYARMOR,LI,branded_foods,236.5,branded_serving_size,70.95,0.0,18.0,0.0,30.0,false,False,E,beverage,30.0,0.0,7.61,0.0,0.0147,1.04,1/1,,1/1,0.6101892,0.214,494449,0.6101892,-0.486,2,1292649 1584756,30.0
powerade,ok,2710770,Sports drink (Powerade),,,fndds,248.0,sr_legacy_default_portion,79.36,0.0,19.44,0.12,32.0,false,False,,beverage,32.0,0.0,7.84,0.05,0.0059,0.47,1/1,,1/1,0.6922581,0.208,174113,0.5953902,-0.802,1,,
planters peanuts,ok,1302070,"PLANTERS, SALTED PEANUTS",PLANTERS,LI,branded_foods,56.0,branded_serving_size,329.84,15.0,9.0,29.0,589.0,false,False,E,,589.0,26.79,16.07,51.79,0.0824,27.19,2/2,,2/2,0.758953,0.604,1300952,0.7522747,0.596,2,1302070 1594177,589.0
wonderful pistachios,ok,1659034,"WONDERFUL, PISTACHIOS",WONDERFUL,LI,branded_foods,30.0,branded_serving_size,159.9,6.0,8.0,14.0,533.0,false,False,,,533.0,20.0,26.67,46.67,0.1383,22.11,2/2,,2/2,0.8143314,0.966,454811,0.71078825,0.31,1,,
blue diamond almonds,ok,1210951,"DIAMOND, SLICED ALMONDS",DIAMOND,LI,branded_foods,30.0,branded_serving_size,170.1,6.0,7.0,15.0,567.0,false,False,E,,567.0,20.0,23.33,50.0,0.0993,16.9,2/3,blue,2/3,0.68223304,0.274667,1764251,0.740164,0.222667,4,1210951 1501341 1503007 2680407,567.0
craisins,ok,2697107,Dried Cranberries,Victor,GDSN,branded_foods,32.900001525878906,branded_serving_size,36.19,0.0,0.66,0.0,110.0,true,False,ACE,produce,110.0,0.0,2.0,0.0,0.9273,33.56,0/1,craisins,0/1,0.72452635,-1.468,1884730,0.7118984,-1.468,2,2697107 2733951,110.0 334.0
sun maid raisins,ok,1462737,SUNMAID RAISINS 2LB,Sun-Maid,GDSN,branded_foods,40.0,branded_serving_size,120.0,1.0,31.0,0.0,300.0,false,False,C,produce,300.0,2.5,77.5,0.0,0.0667,8.0,1/3,sun maid,3/3,0.7210459,0.224,441039,0.73527074,-0.152,1,,
philadelphia cream cheese,ok,1222729,"PHILADELPHIA, CREAM CHEESE SPREAD",PHILADELPHIA,LI,branded_foods,31.0,branded_serving_size,79.98,2.0,2.0,7.0,258.0,false,False,,dairy,258.0,6.45,6.45,22.58,0.0123,0.99,3/3,,3/3,0.7580614,0.568,1514906,0.73708963,0.516,1,,
tillamook cheddar,ok,2757669,Tillamook Medium Cheddar Cheese,Tillamook,Euromonitor,branded_foods,28.349000930786133,branded_serving_size,120.0,6.0,0.0,6.0,423.2953404353793,unknown,False,DF,dairy,423.2953404353793,21.164767021768963,,21.164767021768963,,,2/2,,2/2,0.8149525,0.226,399213,0.7624284,0.226,1,,
string cheese,ok,1545019,STRING CHEESE,RENARD'S CHEESE,LI,branded_foods,28.0,branded_serving_size,85.12,7.0,1.0,6.0,304.0,false,True,E,dairy,304.0,25.0,3.57,21.43,0.0104,0.88,2/2,,2/2,0.763051,0.648,1564767,0.763051,0.648,5,1545019 1564767 447106 532509 560727,286.0 304.0
babybel,ok,1215301,"BABYBEL, SEMISOFT CHEESE, ORIGINAL",BABYBEL,LI,branded_foods,21.0,branded_serving_size,69.93,5.0,0.0,6.0,333.0,false,False,,dairy,333.0,23.81,0.0,28.57,0.0582,4.07,1/1,,1/1,0.6649294,-0.136,1869803,0.64464235,-0.176,1,,
laughing cow cheese,ok,1268600,"THE LAUGHING COW, BLUE CHEESE WEDGES",THE LAUGHING COW,LI,branded_foods,21.0,branded_serving_size,35.07,3.0,1.0,1.5,167.0,true,False,AE,dairy,167.0,14.29,4.76,7.14,0.1589,5.57,3/3,,3/3,0.698075,-0.194,2274732,0.679056,-0.54,3,1268600 1560683 2068243,167.0
greek gods yogurt,ok,2067023,GREEK YOGURT,BLUE ISLE,LI,branded_foods,150.0,branded_serving_size,229.5,5.0,19.0,15.0,153.0,false,False,,dairy,153.0,3.33,12.67,10.0,0.0065,1.5,2/3,gods,2/3,0.7570593,-0.031333,2014493,0.76949114,-0.051333,1,,
wallaby yogurt,ok,1177897,"WALLABY, ORGANIC GREEK NONFAT YOGURT",WALLABY,LI,branded_foods,150.0,branded_serving_size,120.0,12.0,17.0,0.0,80.0,false,False,E,dairy,80.0,8.0,11.33,0.0,0.0335,4.02,2/2,,2/2,0.73082864,-0.144,1768744,0.708748,-0.2,3,1177897 1469924 1852874,80.0
kashi go cereal,ok,2697414,Kashi Go Cereal 13.1oz,Kashi,GDSN,branded_foods,58.0,branded_serving_size,178.06,11.37,41.18,1.74,307.0,true,False,A,,307.0,19.6,71.0,3.0,0.2684,47.79,3/3,,3/3,0.80681926,0.612,2517549,0.7818223,0.238,1,,
cascadian farm granola,ok,1758061,Cascadian Farm Organic Fruit and Nut Granola,Cascadian Farm,GDSN,branded_foods,28.0,branded_serving_size,123.2,2.52,20.16,3.64,440.0,false,False,E,,440.0,9.0,72.0,13.0,0.0023,0.28,3/3,,3/3,0.8845609,-0.176,758592,0.8845609,-1.576,15,1758061 1847943 2183680 2220531 2226835 2230480 2236595 2380973 2443764 2517704 2555660 2704250 2733315 2736535 2738906,440.0 444.0
nature's path granola,ok,1183232,"NATURE'S PATH, MESA SUNRISE, CEREAL",NATURE'S PATH,LI,branded_foods,30.0,branded_serving_size,120.0,3.0,24.0,1.0,400.0,false,False,E,,400.0,10.0,80.0,3.33,0.0251,3.01,2/3,granola,2/3,0.7202685,-0.39,1252677,0.7367487,-0.41,3,1183232 1475268 2015811,400.0
bear naked granola,ok,1184279,"NAKED GRANOLA, GRANOLA",NAKED GRANOLA,LI,branded_foods,30.0,branded_serving_size,138.0,2.6,15.0,7.3,460.0,false,False,E,,460.0,8.67,50.0,24.33,0.0138,1.91,2/3,bear,2/3,0.76401293,0.628667,2023925,0.75462085,0.206,3,1184279 1476315 1856046,460.0
kind granola,ok,1793428,GRANOLA,LAURA'S,LI,branded_foods,50.0,branded_serving_size,200.0,5.0,35.0,4.5,400.0,false,True,E,,400.0,10.0,70.0,9.0,0.0025,0.5,1/2,kind,1/2,0.78630555,0.172,453693,0.78630555,0.172,2,1793428 453693,400.0 512.0
purely elizabeth granola,ok,2058065,ALL NATURAL GRANOLA,IZ,LI,branded_foods,28.350000381469727,branded_serving_size,140.05,3.0,12.0,10.0,494.0,false,False,C,,494.0,10.58,42.33,35.27,0.071,9.94,1/3,purely elizabeth,1/3,0.65187895,-0.442667,1550875,0.65187895,-0.792667,1,,
jimmy dean sausage,ok,1601930,"JIMMY DEAN, TURKEY SAUSAGE CRUMBLES",JIMMY DEAN,LI,branded_foods,57.0,branded_serving_size,90.06,10.0,2.0,5.0,158.0,false,False,,,158.0,17.54,3.51,8.77,0.0325,2.92,3/3,,3/3,0.7315253,0.21,2623963,0.7729056,-0.172,1,,
bacon,ok,1309812,BACON,TYSON,LI,branded_foods,18.0,branded_serving_size,100.08,6.0,0.0,9.0,556.0,false,True,E,,556.0,33.33,0.0,50.0,0.0491,4.92,1/1,,1/1,0.821707,0.68,1565509,0.821707,0.68,2,1309812 1565509,471.0 556.0
turkey bacon,ok,1171605,TURKEY BACON,BAR-S,LI,branded_foods,14.0,branded_serving_size,25.06,2.0,1.0,2.0,179.0,true,True,AE,,179.0,14.29,7.14,14.29,0.1974,4.95,2/2,,2/2,0.8126519,0.652,2110046,0.8126519,0.652,3,1171605 2110046 357336,179.0 200.0
egg whites carton,ok,1683786,LIQUID EGG WHITES,TOPS,LI,branded_foods,46.0,branded_serving_size,24.84,5.0,0.0,0.0,54.0,true,True,AE,,54.0,10.87,0.0,0.0,0.1948,4.84,2/3,carton,2/3,0.71061903,-0.451333,2631974,0.71061903,-0.451333,6,1683786 2135505 2249516 2249656 2631974 2631975,54.0
liquid egg beaters,ok,2518353,EGG BEATERS Liquid Eggs,EGG BEATERS,GDSN,branded_foods,46.0,branded_serving_size,24.84,5.0,1.0,0.0,54.0,false,False,,,54.0,10.87,2.17,0.0,0.0341,0.85,3/3,,3/3,0.80754936,0.958,2329301,0.6486028,0.322667,1,,
tostitos salsa,ok,1341520,"TOSTITOS, CREAMY SPINACH DIP",TOSTITOS,LI,branded_foods,32.0,branded_serving_size,49.92,1.0,2.0,4.0,156.0,false,False,,,156.0,3.12,6.25,12.5,0.0386,1.93,1/2,salsa,1/2,0.6304685,-0.612,762460,0.6476882,-0.934,1,,
pace picante sauce,ok,2100539,PICANTE SAUCE,CARLITA,LI,branded_foods,31.0,branded_serving_size,9.92,0.0,2.0,0.0,32.0,true,False,A,,32.0,0.0,6.45,0.0,0.1937,1.92,2/3,pace,2/3,0.70783865,0.314667,1848833,0.73071283,0.226,1,,
guacamole,ok,2642367,GUACAMOLE,WEGMANS,LI,branded_foods,30.0,branded_serving_size,60.0,0.0,2.0,5.0,200.0,false,False,,produce,200.0,0.0,6.67,16.67,0.1164,6.99,1/1,,1/1,0.84512085,0.664,1192076,0.84511393,0.664,1,,
hummus sabra,ok,1464860,HUMMUS,TRIBE,LI,branded_foods,28.0,branded_serving_size,59.92,2.0,5.0,4.0,214.0,false,True,E,,214.0,7.14,17.86,14.29,0.0683,4.09,1/2,sabra,1/2,0.70452565,0.176,1790346,0.70452565,0.176,2,1464860 1790346,192.0 214.0
wholly guacamole,ok,1192076,GUACAMOLE,YUCATAN,LI,branded_foods,30.0,branded_serving_size,50.1,0.0,3.0,4.5,167.0,false,False,,produce,167.0,0.0,10.0,15.0,0.0479,2.4,1/2,wholly,1/2,0.6721216,0.164,1188595,0.6720838,0.164,1,,
frozen broccoli,ok,169968,"Broccoli, frozen, chopped, unprepared",,,sr_legacy,156.0,sr_legacy_default_portion,40.56,4.38,7.46,0.45,26.0,true,False,A,produce,26.0,2.81,4.78,0.29,0.2681,10.87,2/2,,2/2,0.75780153,0.602,1274508,0.75348014,-0.458,1,,
steamable green beans,ok,1548446,STEAMABLE GREEN BEANS,MEIJER,LI,branded_foods,85.0,branded_serving_size,29.75,1.0,6.0,0.0,35.0,false,False,,produce,35.0,1.18,7.06,0.0,0.0583,1.73,3/3,,3/3,0.88056165,0.616,1345095,0.8565717,0.25,1,,
sweet potato fries,ok,1322772,SWEET POTATO FRIES,RALEY'S,LI,branded_foods,84.0,branded_serving_size,150.36,1.0,24.0,5.0,179.0,false,False,E,,179.0,1.19,28.57,5.95,0.0358,5.38,3/3,,3/3,0.8012498,0.628,1813024,0.8012074,0.628,3,1322772 1614908 526416,179.0
ore ida tater tots,ok,2631457,GOLDEN TATER TOTS,ORE-IDA,LI,branded_foods,86.0,branded_serving_size,129.86,2.0,14.0,8.0,151.0,false,False,,,151.0,2.33,16.28,9.3,0.0473,6.14,2/4,ore ida,4/4,0.6484432,0.232,2709516,0.7153959,-0.204,1,,
di gorno rising crust,ok,1480262,RISING CRUST,RED BARON,LI,branded_foods,144.0,branded_serving_size,360.0,15.0,43.0,15.0,250.0,false,False,,,250.0,10.42,29.86,10.42,0.0196,7.06,2/4,di gorno,2/4,0.6903459,-0.198,2654419,0.6550025,-0.222,1,,
red baron pizza,ok,1217470,"RED BARON, THIN & CRISPY PIZZA",RED BARON,LI,branded_foods,139.0,branded_serving_size,350.28,13.0,40.0,16.0,252.0,false,False,E,,252.0,9.35,28.78,11.51,0.0163,5.71,3/3,,3/3,0.78489083,0.23,2031984,0.7699655,-0.148,2,1217470 1509527,252.0
california pizza kitchen frozen,ok,2688345,California Pizza Kitchen Frozen Pizza  Sicilian 10x5.9oz US,CALIFORNIA PIZZA KITCHEN,GDSN,branded_foods,169.0,branded_serving_size,469.82,21.01,48.0,22.0,278.0,false,False,E,,278.0,12.43,28.4,13.02,0.009,4.22,4/4,,4/4,0.7451522,-0.536,2715833,0.7184261,-0.536,3,2688345 2693465 2699463,278.0
thai kitchen rice noodles,ok,1178992,"THAI KITCHEN, PURPLE CORN & RICE NOODLES",THAI KITCHEN,LI,branded_foods,56.0,branded_serving_size,199.92,3.0,45.0,0.5,357.0,false,False,E,,357.0,5.36,80.36,0.89,0.0171,3.42,4/4,,4/4,0.7202352,0.19,1764278,0.70658994,0.152,3,1178992 1471023 2013109,357.0
annie chun noodles,ok,1463230,"ANNIE CHUN'S, ASIAN SAUCES",ANNIE CHUN'S,LI,branded_foods,17.0,branded_serving_size,29.92,1.0,4.0,0.5,176.0,true,False,A,,176.0,5.88,23.53,2.94,0.1813,5.42,2/3,noodles,2/3,0.64379406,-0.087333,1295451,0.71447945,-0.136,1,,
soy sauce kikkoman,ok,2707442,Soy sauce,,,fndds,16.0,sr_legacy_default_portion,8.48,1.3,0.79,0.09,53.0,false,False,,,53.0,8.14,4.93,0.57,0.0832,0.71,2/3,kikkoman,2/3,0.72396433,1.030667,1245180,0.7640508,0.974,1,,
teriyaki sauce,ok,2707445,Teriyaki sauce,,,fndds,16.0,sr_legacy_default_portion,14.24,0.95,2.49,0.0,89.0,false,False,,,89.0,5.93,15.56,0.02,0.0321,0.46,2/2,,2/2,0.92287064,1.344,1841050,0.8421547,0.644,1,,
barbecue sauce sweet baby rays,ok,1179556,"SWEET BABY RAY'S, BARBECUE SAUCE",SWEET BABY RAY'S,LI,branded_foods,36.0,branded_serving_size,69.84,0.0,17.0,0.0,194.0,false,False,E,,194.0,0.0,47.22,0.0,0.0264,1.84,5/5,,5/5,0.78692317,0.922,171827,0.7915504,0.878,6,1179556 1196556 1471591 1488598 2013494 2023917,189.0 194.0
heinz barbecue sauce,ok,2709750,Barbecue sauce,,,fndds,17.0,sr_legacy_default_portion,29.24,0.14,6.93,0.11,172.0,false,False,,,172.0,0.82,40.77,0.63,0.0002,0.01,2/3,heinz,2/3,0.7061858,1.010667,1334008,0.80687773,-0.445333,1,,
tabasco,ok,2439623,"TABASCO, SPICY CHOCOLATE, SPICY, SPICY",TABASCO,LI,branded_foods,13.0,branded_serving_size,69.94,1.0,8.0,4.5,538.0,false,False,,,538.0,7.69,61.54,34.62,0.0939,6.57,1/1,,1/1,0.6583587,0.198,565580,0.64388055,-0.104,1,,
frank's red hot,ok,587763,RED HOT SAUCE,EL EBANO,LI,branded_foods,5.0,branded_serving_size,1.0,0.0,0.0,0.0,20.0,true,False,A,,20.0,0.0,0.0,0.0,1.0,1.0,2/3,franks,2/3,0.6239176,-0.552,1292956,0.64734834,-0.784,1,,
olive oil extra virgin,ok,2469811,EXTRA VIRGIN OLIVE OIL,O ORGANICS,LI,branded_foods,15.0,branded_serving_size,120.0,0.0,0.0,14.0,800.0,false,True,E,,800.0,0.0,0.0,93.33,0.05,6.0,4/4,,4/4,0.7917427,0.612,2584210,0.7917427,0.612,2,2469811 2584210,800.0
pam cooking spray,ok,2756684,Pam Non Stick Butter Cooking Spray,Pam,Euromonitor,branded_foods,0.25,branded_serving_size,463.0,0.0,0.0,0.0,185200.0,unknown,False,BDF,,185200.0,,0.0,,,,3/3,,3/3,0.8454349,-0.136,2725108,0.7876823,0.346,1,,
butter stick land o lakes,ok,2757559,Land O Lakes Salted Butter Half Sticks,Land O'Lakes,Euromonitor,branded_foods,15.0,branded_serving_size,100.0,0.0,0.0,11.0,666.6666666666667,unknown,False,DF,dairy,666.6666666666667,0.0,,73.33333333333334,,,5/5,,5/5,0.7479503,0.198,2756912,0.69326556,0.182,1,,
i cant believe its not butter,ok,1589623,"I CAN'T BELIEVE IT'S NOT BUTTER!, 45% VEGETABLE OIL SPREAD, ORIGINAL",I CAN'T BELIEVE IT'S NOT BUTTER!,LI,branded_foods,14.0,branded_serving_size,60.06,0.0,0.0,6.0,429.0,false,False,,,429.0,0.0,0.0,42.86,0.1008,6.06,6/6,,6/6,0.7445358,-0.788667,1206448,0.73618245,-0.788667,1,,
country crock,ok,1201934,COUNTRY CROCK HONEY SPREAD,COUNTRY CROCK,LI,branded_foods,11.0,branded_serving_size,69.96,0.0,3.0,6.0,636.0,false,False,,,636.0,0.0,27.27,54.55,0.0566,3.96,2/2,,2/2,0.6901747,0.246,391300,0.6900896,-0.104,1,,
ghee,ok,1746836,GHEE,SHAH,LI,branded_foods,13.0,branded_serving_size,119.99,7.0,0.0,13.0,923.0,true,True,AEF,dairy,923.0,53.85,0.0,100.0,0.2085,25.01,1/1,,1/1,0.8530149,0.684,2548700,0.8530149,0.684,3,1746836 2170724 2548700,900.0 923.0
protein powder whey,ok,1329116,PROTEIN POWDER,EAS,LI,branded_foods,44.0,branded_serving_size,179.96,20.0,20.0,2.0,409.0,false,True,E,,409.0,45.45,45.45,4.55,0.0109,1.96,2/3,whey,2/3,0.71928453,0.360667,537434,0.71928453,0.360667,4,1329116 1349850 1642022 537434,357.0 409.0 417.0
optimum nutrition gold standard,ok,2478917,"GOLD STANDARD PROTEIN SHAKE, GOLD STANDARD",OPTIMUM NUTRITION,LI,branded_foods,325.0,branded_serving_size,139.75,23.98,4.0,2.99,43.0,false,False,,,43.0,7.38,1.23,0.92,0.0065,0.91,2/4,optimum nutrition,4/4,0.725461,0.182,2479989,0.6106814,-0.18,1,,
garden of life protein,ok,1212207,"GARDEN OF LIFE, ORGANIC PLANT PROTEIN",GARDEN OF LIFE,LI,branded_foods,23.0,branded_serving_size,89.93,15.0,3.0,2.0,391.0,false,False,E,,391.0,65.22,13.04,8.7,0.0009,0.08,3/3,,3/3,0.8057656,0.202,403243,0.8057656,-0.148,5,1212207 1504262 1868710 2288125 2334118,391.0
orgain protein shake,ok,1804128,"ORGAIN, ORGANIC PROTEIN NUTRITIONAL SHAKE",ORGAIN,LI,branded_foods,330.0,branded_serving_size,148.5,25.01,7.99,3.0,45.0,false,False,E,beverage,45.0,7.58,2.42,0.91,0.0709,10.53,3/3,,3/3,0.8318849,0.186,1268713,0.7874477,-0.467333,7,1804128 1841565 1935166 2289013 2334254 2339252 554834,45.0
ensure original,ok,1344462,ORIGINAL,SUNNYSIDE FARMS,LI,branded_foods,170.0,branded_serving_size,159.8,6.0,31.01,1.5,94.0,false,False,E,beverage,94.0,3.53,18.24,0.88,0.0106,1.7,1/2,ensure,1/2,0.64606774,-0.182,1046983,0.59168446,-0.226,8,1344462 1344463 1344466 1344467 1636616 1636617 1636620 1636621,93.0 94.0
boost drink,ok,2710756,Energy Drink,,,fndds,31.0,sr_legacy_default_portion,13.33,0.14,3.17,0.0,43.0,false,False,,beverage,43.0,0.46,10.23,0.0,0.0056,0.07,1/2,boost,1/2,0.6551293,0.102,549220,0.711415,-0.594,1,,
slimfast shake,ok,2710722,"Nutritional drink or shake, ready-to-drink (Slim Fast)",,,fndds,248.0,sr_legacy_default_portion,141.36,8.23,19.2,4.79,57.0,false,False,,beverage,57.0,3.32,7.74,1.93,0.0809,11.43,1/2,slimfast,1/2,0.7320516,-0.766,1349675,0.6928322,-0.968,1,,
atkins shake,ok,1584892,"ATKINS, CREAMY CHOCOLATE SHAKE, CHOCOLATE",ATKINS,LI,branded_foods,325.0,branded_serving_size,139.75,10.01,10.01,9.0,43.0,true,False,A,beverage,43.0,3.08,3.08,2.77,0.1528,21.35,2/2,,2/2,0.77806425,0.186,1840043,0.7512009,0.142,1,,
carnation breakfast essentials,ok,2710729,Nutritional powder mix (Carnation Instant Breakfast),,,fndds,37.0,sr_legacy_default_portion,130.61,7.36,24.49,0.52,353.0,false,False,,beverage,353.0,19.9,66.2,1.4,0.0113,1.48,2/3,essentials,2/3,0.68780965,-0.941333,576934,0.8007064,-1.282,1,,
muffin mix betty crocker,ok,2230534,Betty Crocker Blueberry Muffin Mix,Betty Crocker,GDSN,branded_foods,102.0,branded_serving_size,412.08,3.99,79.58,8.68,404.0,false,False,,,404.0,3.91,78.02,8.51,0.0008,0.32,4/4,,4/4,0.812773,0.564,758730,0.81274116,-0.836,1,,
pancake mix bisquick,ok,2183585,Bisquick Original Pancake and Baking Mix,Bisquick,GDSN,branded_foods,40.0,branded_serving_size,149.2,3.0,28.05,3.07,373.0,false,False,E,,373.0,7.5,70.12,7.67,0.0175,2.6,3/3,,3/3,0.7853329,0.19,758562,0.7853329,-1.21,3,2183585 2220389 2226693,373.0
waffle mix,ok,1277110,WAFFLE MIX,KRUSTEAZ,LI,branded_foods,76.0,branded_serving_size,269.8,4.0,58.0,2.0,355.0,false,False,,,355.0,5.26,76.32,2.63,0.0141,3.81,2/2,,2/2,0.87011504,0.66,1798902,0.7876179,0.27,1,,
pillsbury cinnamon rolls,ok,2734684,Pillsbury Soft Baked Cinnamon Roll ,Pillsbury,GDSN,branded_foods,28.0,branded_serving_size,126.74,0.89,18.79,5.38,452.63,false,False,E,,452.63,3.17,67.09,19.21,0.0029,0.36,3/3,,3/3,0.8653524,0.56,2682351,0.8366649,0.214,2,2734684 2738573,452.6 464.0
crescent rolls pillsbury,ok,1598068,CRESCENT ROLLS,SIGNATURE SELECT,LI,branded_foods,28.0,branded_serving_size,99.96,2.0,12.0,5.0,357.0,false,True,E,,357.0,7.14,42.86,17.86,0.0105,1.05,2/3,pillsbury,2/3,0.76580817,0.310667,1905304,0.76580817,0.310667,6,1598068 1905304 2076162 2118595 507120 526438,357.0
canned tuna starkist,ok,1214175,"STARKIST, ALBACORE ALBACORE WHITE TUNA IN WATER",STARKIST,LI,branded_foods,74.0,branded_serving_size,79.92,16.0,0.0,1.5,108.0,false,False,E,,108.0,21.62,0.0,2.03,0.0301,2.4,2/3,canned,2/3,0.72241926,-0.171333,1214306,0.7298549,-0.473333,3,1214175 1506232 2035415,108.0
chicken of the sea tuna,ok,1175599,"CHICKEN OF THE SEA, SOLID LIGHT TUNA",CHICKEN OF THE SEA,LI,branded_foods,56.0,branded_serving_size,70.0,16.0,0.0,0.5,125.0,false,False,E,,125.0,28.57,0.0,0.89,0.0217,1.52,3/3,,3/3,0.77049357,0.206,1178701,0.7525846,0.194,2,1175599 1467622,125.0
canned salmon,ok,2706291,"Fish, salmon, canned",,,fndds,135.0,sr_legacy_default_portion,183.6,33.24,0.0,5.68,136.0,false,False,,,136.0,24.62,0.0,4.21,0.0027,0.5,2/2,,2/2,0.7215388,0.62,173723,0.68688405,0.498,1,,
sardines in water,ok,1855460,SARDINES IN WATER,SEASON,LI,branded_foods,85.0,branded_serving_size,170.0,22.0,0.0,9.0,200.0,false,False,,,200.0,25.88,0.0,10.59,0.0059,0.99,2/2,,2/2,0.88996977,0.632,1799653,0.88996977,0.282,1,,
black beans canned,ok,2707362,"Black beans, from canned, fat added",,,fndds,185.0,sr_legacy_default_portion,329.3,15.8,43.35,10.95,178.0,false,False,,,178.0,8.54,23.43,5.92,0.0178,5.85,3/3,,3/3,0.7427529,0.61,2707364,0.75821126,0.59,1,,
garbanzo beans,ok,1558340,GARBANZO BEANS,WEGMANS,LI,branded_foods,130.0,branded_serving_size,110.5,6.99,19.99,1.0,85.0,false,True,E,,85.0,5.38,15.38,0.77,0.0585,6.46,2/2,,2/2,0.8111749,0.644,2390665,0.8111749,0.644,9,1558340 2390665 2397382 2408562 2426629 2430628 2455061 475145 483645,85.0 96.0 100.0 104.0 244.0 279.0 286.0
marinara sauce raos,ok,1244632,MARINARA SAUCE,CANNIZZARO,LI,branded_foods,113.0,branded_serving_size,80.23,2.99,10.99,2.0,71.0,false,False,,,71.0,2.65,9.73,1.77,0.0782,6.27,2/3,raos,2/3,0.7053184,0.310667,1556142,0.7053015,0.310667,1,,
prego spaghetti sauce,ok,1169899,PREGO SAUCES TOMATO,PREGO,GDSN,branded_foods,120.0,branded_serving_size,69.6,2.0,13.0,1.5,58.0,false,False,,,58.0,1.67,10.83,1.25,0.056,3.9,2/3,spaghetti,2/3,0.7579128,0.290667,791869,0.7579325,-0.759333,1,,
barilla spaghetti,ok,1186419,"BARILLA, THIN SPAGHETTI",BARILLA,LI,branded_foods,56.0,branded_serving_size,199.92,7.0,41.0,1.5,357.0,false,False,,,357.0,12.5,73.21,2.68,0.0279,5.58,2/2,,2/2,0.7468133,0.608,1189584,0.7167272,0.576,1,,
barilla penne,ok,2634359,"BARILLA, ORGANIC, PENNE PASTA",BARILLA,LI,branded_foods,56.0,branded_serving_size,199.92,7.0,42.0,1.0,357.0,false,False,,,357.0,12.5,75.0,1.79,0.0255,5.1,2/2,,2/2,0.7141293,0.234,1184632,0.7066798,0.136,1,,
uncle bens rice,ok,173263,"Rice, brown, parboiled, cooked, UNCLE BENS",,,sr_legacy,155.0,sr_legacy_default_portion,227.85,4.79,48.56,1.32,147.0,false,False,,,147.0,3.09,31.33,0.85,0.0114,2.59,3/3,,3/3,0.7259919,0.532,1332454,0.73084176,0.286667,1,,
minute rice,ok,2675787,"MINUTE, READY TO SERVE! LONG GRAIN WHITE RICE",MINUTE,LI,branded_foods,125.0,branded_serving_size,190.0,4.0,42.0,1.5,152.0,false,False,,,152.0,3.2,33.6,1.2,0.0395,7.5,2/2,,2/2,0.65723175,-0.53,1186802,0.6640338,-0.598,1,,
quinoa,ok,1924932,QUINOA,BRANDLESS,LI,branded_foods,43.0,branded_serving_size,159.96,6.0,28.0,2.5,372.0,false,False,,,372.0,13.95,65.12,5.81,0.0092,1.47,1/1,,1/1,0.8414901,0.676,1728895,0.8414703,0.676,1,,
farro,ok,1390012,FARRO,RALEY'S,LI,branded_foods,140.0,branded_serving_size,200.2,7.99,41.01,0.5,143.0,false,False,E,,143.0,5.71,29.29,0.36,0.0017,0.34,1/1,,1/1,0.83487177,0.68,1783762,0.83486646,0.68,2,1390012 2427030,143.0
granola bar chewy,ok,1264866,CHEWY GRANOLA BAR,NICE!,LI,branded_foods,24.0,branded_serving_size,100.08,2.0,17.0,2.5,417.0,false,False,E,,417.0,8.33,70.83,10.42,0.0158,1.58,3/3,,3/3,0.7872982,0.632,1198629,0.7872508,0.632,2,1264866 1556941,417.0
quaker chewy bar,ok,480149,CHEWY GRANOLA BARS,SELECT CHOICE,LI,branded_foods,25.0,branded_serving_size,100.0,2.0,18.0,2.5,400.0,false,False,E,,400.0,8.0,72.0,10.0,0.025,2.5,2/3,quaker,2/3,0.74752104,0.294667,458253,0.74752104,-0.055333,2,480149 493704,400.0 440.0
nature valley protein bar,ok,2704935,Nature Valley Oats 'n Honey Protein Granola,Nature Valley,GDSN,branded_foods,65.0,branded_serving_size,272.35,13.0,41.04,7.29,419.0,false,False,E,,419.0,20.0,63.14,11.21,0.0345,9.39,3/4,bar,3/4,0.8154929,-0.422,757800,0.8165177,-1.95,2,2704935 2738701,419.0 429.0
think thin bar,ok,2534369,THINS BARS,KIND,LI,branded_foods,21.0,branded_serving_size,90.09,2.0,10.0,7.0,429.0,true,False,AE,,429.0,9.52,47.62,33.33,0.232,20.9,2/3,think,2/3,0.81613195,0.326667,1187670,0.66951334,-0.760667,3,2534369 2534370 2577981,429.0 476.0
one bar,ok,1780743,ONE BAR,OH YEAH!,LI,branded_foods,60.0,branded_serving_size,220.2,22.0,23.0,7.0,367.0,false,False,E,,367.0,36.67,38.33,11.67,0.1036,22.82,2/2,,2/2,0.8599318,0.322,465315,0.5445346,0.29,3,1780743 1895140 465307,367.0
almond butter justin's,ok,2707533,Almond butter,,,fndds,16.0,sr_legacy_default_portion,102.56,3.31,3.38,8.44,641.0,false,False,,,641.0,20.67,21.11,52.72,0.0009,0.1,2/3,justins,2/3,0.75245225,0.848,386165,0.7613251,0.572,1,,
sunbutter,ok,2612644,SUNFLOWER BUTTER,SUNBUTTER,LI,branded_foods,32.0,branded_serving_size,200.0,7.0,7.0,17.0,625.0,false,False,C,,625.0,21.88,21.88,53.12,0.045,9.0,0/1,sunbutter,1/1,0.7622648,0.236,2303774,0.7622648,-1.464,1,,
tahini,ok,2707587,Tahini,,,fndds,15.0,sr_legacy_default_portion,104.55,2.96,2.13,9.36,697.0,false,False,,,697.0,19.71,14.18,62.4,0.0002,0.02,1/1,,1/1,0.93389964,1.376,1952409,0.85894036,0.676,1,,
coconut water vita coco,ok,1587144,"VITA COCO, PURE COCONUT WATER",VITA COCO,LI,branded_foods,330.0,branded_serving_size,59.4,0.0,15.01,0.0,18.0,false,False,E,beverage,18.0,0.0,4.55,0.0,0.0111,0.66,4/4,,4/4,0.8067796,0.584,1298620,0.79826176,0.028,3,1587144 1895382 1909359,18.0 24.0
hint water,ok,1297308,"HINT, WATER INFUSED WITH PEAR",HINT,LI,branded_foods,474.0,branded_serving_size,0.0,0.0,0.0,0.0,0.0,unknown,False,,beverage,0.0,0.0,0.0,0.0,,,2/2,,2/2,0.56008637,0.234,1233822,0.47512704,0.18,1,,
bubly sparkling water,ok,1532420,SPARKLING WATER,TOPS,LI,branded_foods,355.0,branded_serving_size,0.0,0.0,0.0,0.0,0.0,unknown,False,,beverage,0.0,0.0,0.0,0.0,,,2/3,bubly,2/3,0.69988656,0.306667,1956766,0.6998836,0.306667,1,,
waterloo sparkling water,ok,433104,SPARKLING WATER,SHASTA,LI,branded_foods,355.0,branded_serving_size,0.0,0.0,0.0,0.0,0.0,unknown,False,E,beverage,0.0,0.0,0.0,0.0,,,2/3,waterloo,2/3,0.693486,0.306667,430049,0.693486,-0.043333,2,433104 460708,-1
topo chico,ok,1220466,"TOPO CHICO, CARBONATED BEVERAGE, APPLE",TOPO CHICO,LI,branded_foods,237.0,branded_serving_size,116.13,0.0,29.01,0.0,49.0,false,False,E,beverage,49.0,0.0,12.24,0.0,0.0008,0.09,2/2,,2/2,0.6184762,-0.152,1226303,0.6514208,-0.024,2,1220466 1512525,49.0
kombucha gts,ok,1530326,KOMBUCHA,KATALYST KOMBUCHA,LI,branded_foods,236.0,branded_serving_size,30.68,0.0,3.99,0.0,13.0,true,True,AE,beverage,13.0,0.0,1.69,0.0,0.48,14.73,1/2,gts,1/2,0.7256474,0.168,1535961,0.7256474,0.168,8,1530326 1535961 1535965 1536051 1536052 1573379 488970 496953,6.0 11.0 13.0 17.0 19.0 21.0
kevita kombucha,ok,1524246,KOMBUCHA,PROHIBITION KOMBUCHA,LI,branded_foods,355.0,branded_serving_size,39.05,0.0,10.01,0.0,11.0,false,True,E,beverage,11.0,0.0,2.82,0.0,0.0255,0.99,1/2,kevita,1/2,0.68788797,0.168,1587602,0.68788797,0.168,2,1524246 1587602,11.0 19.0
kefir lifeway,ok,170904,"Kefir, lowfat, plain, LIFEWAY",,,sr_legacy,243.0,sr_legacy_default_portion,104.49,9.21,11.59,2.48,43.0,false,False,,"beverage,dairy",43.0,3.79,4.77,1.02,0.0098,1.02,2/2,,2/2,0.75876796,0.934,2705394,0.69172126,0.88,1,,
cottage cheese good culture,ok,2755699,Good Culture Cottage Cheese Classic,Good Culture,Euromonitor,branded_foods,150.0,branded_serving_size,110.0,19.0,3.0,3.0,73.33333333333333,false,False,,dairy,73.33333333333333,12.666666666666666,2.0,2.0,0.0455,5.0,4/4,,4/4,0.8180437,0.56,1252909,0.67603856,0.212,1,,
breakstone cottage cheese,ok,1182048,"BREAKSTONE'S, COTTAGE CHEESE",BREAKSTONE'S,LI,branded_foods,118.0,branded_serving_size,120.36,11.0,5.99,5.0,102.0,false,False,E,dairy,102.0,9.32,5.08,4.24,0.0612,7.36,3/3,,3/3,0.8016032,0.938,2756726,0.7512778,0.17,2,1182048 1222880,77.0 102.0
ricotta cheese,ok,1324465,RICOTTA CHEESE,TOPS,LI,branded_foods,62.0,branded_serving_size,120.28,7.0,3.0,9.0,194.0,false,True,E,dairy,194.0,11.29,4.84,14.52,0.0062,0.74,2/2,,2/2,0.8111254,0.644,2433025,0.8111254,0.644,3,1324465 2433025 573170,145.0 194.0
sour cream daisy,ok,1510314,SOUR CREAM,DAISY,LI,branded_foods,30.0,branded_serving_size,60.0,1.0,1.0,5.0,200.0,false,False,,dairy,200.0,3.33,3.33,16.67,0.1166,7.0,2/3,daisy,3/3,0.6536448,1.01,2756009,0.7370852,0.612,1,,
greek yogurt two percent fage,ok,2756936,Fage Total 5% Greek Strained Yogurt,Fage,Euromonitor,branded_foods,200.0,branded_serving_size,140.0,18.0,6.0,10.0,70.0,true,False,A,dairy,70.0,9.0,3.0,5.0,0.3286,46.0,3/5,two percent,3/5,0.72657585,-0.19,2756888,0.7191581,-0.568,1,,
plain nonfat yogurt dannon,ok,2563910,PLAIN NONFAT YOGURT,DANNON,LI,branded_foods,170.0,branded_serving_size,79.9,8.01,13.01,0.0,47.0,false,False,E,dairy,47.0,4.71,7.65,0.0,0.0519,4.15,3/4,dannon,4/4,0.8069627,1.024,1284097,0.7932693,0.992,2,2563910 2595712,47.0
kodiak cakes pancake,ok,573884,PANCAKE COMPLETE MIX,BEST CHOICE,LI,branded_foods,62.0,branded_serving_size,230.02,5.0,45.0,2.5,371.0,false,False,C,,371.0,8.06,72.58,4.03,0.0328,7.55,1/3,kodiak cakes,1/3,0.5798428,-0.746667,1172871,0.5983631,-0.808667,1,,
kodiak protein oats,ok,2654380,PROTEIN OATS,BOB'S RED MILL,LI,branded_foods,48.0,branded_serving_size,190.08,10.0,32.0,4.0,396.0,false,False,,,396.0,20.83,66.67,8.33,0.0732,13.91,2/3,kodiak,2/3,0.70053315,-0.381333,578785,0.6447333,-0.425333,1,,
magic spoon cereal,ok,2673065,FROSTED MINI SPOONERS CEREAL,MALT O MEAL,LI,branded_foods,55.0,branded_serving_size,189.75,5.0,45.0,1.0,345.0,false,False,C,,345.0,9.09,81.82,1.82,0.1015,19.26,1/3,magic spoon,1/3,0.6775958,-1.528667,2479307,0.6736173,-1.620667,1,,
catalina crunch,ok,1173000,SIERRA CRUNCH ,MARIANI,LI,branded_foods,30.0,branded_serving_size,110.1,1.0,23.0,2.0,367.0,false,False,E,,367.0,3.33,76.67,6.67,0.0355,3.91,1/2,catalina,1/2,0.6283257,-0.606,1794071,0.62269306,-0.606,2,1173000 1465021,367.0
three wishes cereal,ok,2692835,Toast Crunch Tres Leches Breakfast Cereal,Toast Crunch,GDSN,branded_foods,41.0,branded_serving_size,165.64,2.35,32.87,3.76,404.0,false,False,CE,,404.0,5.72,80.17,9.16,0.0545,9.02,1/3,three wishes,1/3,0.59408545,-1.930667,1146796,0.6015149,-2.184667,5,2692835 2704658 2716464 2717475 2725415,404.0 404.1
